<?xml version="1.0" encoding="utf-8" ?>
<dwsync>
<file name="login.php" server="C:/wamp/www" local="130907542932368403" remote="130907542930000000" Dst="0" />
<file name="search.php" server="C:/wamp/www" local="130906615270345993" remote="130906615270000000" Dst="0" />
<file name="protected_page.php" server="C:/wamp/www/" local="130907647180000000" remote="130907647180000000" Dst="0" />
<file name="searchresult.php" server="C:/wamp/www/" local="130934181227342272" remote="130934181220000000" Dst="0" />
<file name="search.php" server="C:/wamp/www/" local="130934181226741988" remote="130934181220000000" Dst="0" />
<file name="basic.html" server="C:/wamp/www/" local="130933561486650864" remote="130933561480000000" Dst="0" />
<file name="adddepartment.php" server="C:/wamp/www/" local="130934181769748047" remote="130934181760000000" Dst="0" />
<file name="addemployee.php" server="C:/wamp/www/" local="130933552447622783" remote="130933552440000000" Dst="0" />
<file name="addneworder.php" server="C:/wamp/www/" local="130933552474678030" remote="130933552470000000" Dst="0" />
<file name="addorderpayment.php" server="C:/wamp/www/" local="130933552482131539" remote="130933552480000000" Dst="0" />
<file name="addorganization.php" server="C:/wamp/www/" local="130933552440070680" remote="130933552440000000" Dst="0" />
<file name="addproduct.php" server="C:/wamp/www/" local="130933552495014575" remote="130933552490000000" Dst="0" />
<file name="addrawpurchase.php" server="C:/wamp/www/" local="130933552513554193" remote="130933552510000000" Dst="0" />
<file name="addsalarypay.php" server="C:/wamp/www/" local="130933553025268777" remote="130933553020000000" Dst="0" />
<file name="addstock.php" server="C:/wamp/www/" local="130933552998556943" remote="130933552990000000" Dst="0" />
<file name="deldept.php" server="C:/wamp/www/" local="130933136627936960" remote="130933136620000000" Dst="0" />
<file name="delemp.php" server="C:/wamp/www/" local="130933136498994305" remote="130933136490000000" Dst="0" />
<file name="delinv.php" server="C:/wamp/www/" local="130933138629829836" remote="130933138620000000" Dst="0" />
<file name="deliverorder.php" server="C:/wamp/www/" local="130933138325436041" remote="130933138320000000" Dst="0" />
<file name="delord.php" server="C:/wamp/www/" local="130933137873445639" remote="130933137870000000" Dst="0" />
<file name="delordpay.php" server="C:/wamp/www/" local="130933137438262634" remote="130933137430000000" Dst="0" />
<file name="delorg.php" server="C:/wamp/www/" local="130933137255930051" remote="130933137250000000" Dst="0" />
<file name="delprod.php" server="C:/wamp/www/" local="130933139161653922" remote="130933139160000000" Dst="0" />
<file name="delrawpur.php" server="C:/wamp/www/" local="130933140121992117" remote="130933140120000000" Dst="0" />
<file name="delrmat.php" server="C:/wamp/www/" local="130933139935353792" remote="130933139930000000" Dst="0" />
<file name="delsal.php" server="C:/wamp/www/" local="130933139761565560" remote="130933139760000000" Dst="0" />
<file name="delstk.php" server="C:/wamp/www/" local="130933139381639671" remote="130933139380000000" Dst="0" />
<file name="Employee.php" server="C:/wamp/www/" local="130933639415917292" remote="130933639410000000" Dst="0" />
<file name="error.php" server="C:/wamp/www/" local="130907632600000000" remote="130907632600000000" Dst="0" />
<file name="index.php" server="C:/wamp/www/" local="130933149730878392" remote="130933149730000000" Dst="0" />
<file name="invoice.php" server="C:/wamp/www/" local="130933639436056955" remote="130933639430000000" Dst="0" />
<file name="login.php" server="C:/wamp/www/" local="130933429608685616" remote="130933429600000000" Dst="0" />
<file name="NewOrder.php" server="C:/wamp/www/" local="130933639440410817" remote="130933639440000000" Dst="0" />
<file name="salary.php" server="C:/wamp/www/" local="130933640703377489" remote="130933640700000000" Dst="0" />
<file name="stock.php" server="C:/wamp/www/" local="130933640727207499" remote="130933640720000000" Dst="0" />
<file name="testmysql.php" server="C:/wamp/www/" local="129382422060000000" remote="129382422060000000" Dst="0" />
<file name="addrawmat.php" server="C:/wamp/www/" local="130933552502995727" remote="130933552500000000" Dst="0" />
<file name="RawPurchase.php" server="C:/wamp/www/" local="130933640690817266" remote="130933640690000000" Dst="0" />
<file name="delrwmat.php" server="C:/wamp/www/" local="130933185048841332" remote="130933185040000000" Dst="0" />
<file name="adddepartment2.php" server="C:/wamp/www/" local="130933552424374542" remote="130933552420000000" Dst="0" />
<file name="i.php" server="C:/wamp/www/" local="130922104560000000" remote="130922104560000000" Dst="0" />
<file name="register.php" server="C:/wamp/www/" local="130907651460000000" remote="130907651460000000" Dst="0" />
<file name="register_success.php" server="C:/wamp/www/" local="130907633460000000" remote="130907633460000000" Dst="0" />
<file name="currentord.php" server="C:/wamp/www/" local="130933638355264511" remote="130933638350000000" Dst="0" />
</dwsync>