<?xml version="1.0" encoding="utf-8" ?>
<dwsync>
<file name="sha512.js" server="C:/wamp/www" local="130907609138890918" remote="130907609130000000" Dst="0" />
<file name="forms.js" server="C:/wamp/www" local="130907610531881555" remote="130907610530000000" Dst="0" />
<file name="emp.js" server="C:/wamp/www/" local="130926524360000000" remote="130926524360000000" Dst="0" />
<file name="org.js" server="C:/wamp/www/" local="130926519400000000" remote="130926519400000000" Dst="0" />
<file name="sha512.js" server="C:/wamp/www/" local="130907609140000000" remote="130907609140000000" Dst="0" />
<file name="forms.js" server="C:/wamp/www/" local="130907610540000000" remote="130907610540000000" Dst="0" />
<file name="register.js" server="C:/wamp/www/" local="130932801978371199" remote="130932801970000000" Dst="0" />
<file name="index.js" server="C:/wamp/www/" local="130932806359111164" remote="130932806350000000" Dst="0" />
</dwsync>