<?xml version="1.0" encoding="utf-8" ?>
<dwsync>
<file name="bip.css" server="C:/wamp/www/" local="130932769429612841" remote="130932769420000000" Dst="0" />
<file name="bip2.css" server="C:/wamp/www/" local="130932770557720024" remote="130932770550000000" Dst="0" />
<file name="style.css" server="C:/wamp/www/" local="130933562595969160" remote="130933562590000000" Dst="0" />
<file name="index1.css" server="C:/wamp/www/" local="130932946395229167" remote="130932946390000000" Dst="0" />
<file name="index2.css" server="C:/wamp/www/" local="130932806358492683" remote="130932806350000000" Dst="0" />
<file name="styles.css" server="C:/wamp/www/" local="130932794631922992" remote="130932794630000000" Dst="0" />
<file name="button.css" server="C:/wamp/www/" local="130932727008621552" remote="130932727000000000" Dst="0" />
<file name="color.css" server="C:/wamp/www/" local="130932949920987688" remote="130932949920000000" Dst="0" />
<file name="emporg.css" server="C:/wamp/www/" local="130932815667129997" remote="130932815660000000" Dst="0" />
<file name="tab.css" server="C:/wamp/www/" local="130933856355680243" remote="130933856350000000" Dst="0" />
</dwsync>