<?xml version="1.0" encoding="utf-8" ?>
<dwsync>
<file name="psl-config.php" server="C:/wamp/www" local="130907628627260776" remote="130907628620000000" Dst="0" />
<file name="db_connect.php" server="C:/wamp/www" local="130907645432749103" remote="130907645430000000" Dst="0" />
<file name="functions.php" server="C:/wamp/www" local="130907598966049334" remote="130907598960000000" Dst="0" />
<file name="process_login.php" server="C:/wamp/www" local="130907601013846532" remote="130907601010000000" Dst="0" />
<file name="register.inc.php" server="C:/wamp/www" local="130907607798218881" remote="130907607790000000" Dst="0" />
<file name="logout.php" server="C:/wamp/www" local="130907601679501553" remote="130907601670000000" Dst="0" />
<file name="psl-config.php" server="C:/wamp/www/" local="130907628640000000" remote="130907628640000000" Dst="0" />
<file name="db_connect.php" server="C:/wamp/www/" local="130907645432749103" remote="130907645430000000" Dst="0" />
<file name="functions.php" server="C:/wamp/www/" local="130907598980000000" remote="130907598980000000" Dst="0" />
<file name="register.inc.php" server="C:/wamp/www/" local="130907607800000000" remote="130907607800000000" Dst="0" />
<file name="process_login.php" server="C:/wamp/www/" local="130932869034972395" remote="130932869030000000" Dst="0" />
<file name="logout.php" server="C:/wamp/www/" local="130907601680000000" remote="130907601680000000" Dst="0" />
</dwsync>